"Txhash","Blockno","UnixTimestamp","DateTime","From","To","Quantity"
"0xe60c5bdc53f13a135bde4c9c092a6eb5247254a2df1ad2b81765ef9dbb0a1c10","4271565","1505356236","9/14/2017 2:30:36 AM","0x69ea6b31ef305d6b99bb2d4c9d99456fa108b02a","0xad3c895c3678e77884366cd891b0984acd214775","3696.9"
"0x8a6d65aea9eca062237cbd24ead3829187677625391f1707fe09cdfe2de82c08","4271478","1505353944","9/14/2017 1:52:24 AM","0x69ea6b31ef305d6b99bb2d4c9d99456fa108b02a","0xad3c895c3678e77884366cd891b0984acd214775","50052.9"
"0x7191583877abb1c81fe95b012e3233f60a8359d0bc94874cc25bfdbcaca0786a","4269420","1505303979","9/13/2017 11:59:39 AM","0x274d27307237e6e297c0d37d060c3f2ab2d41b45","0xad3c895c3678e77884366cd891b0984acd214775","27999"
"0x5e9133e78fef3be1dbcc0d8a2cd436c9b3929570d5d0ccbc2d257a61c6862167","4269053","1505295305","9/13/2017 9:35:05 AM","0x350aa3eb8d610aeb7f2217e15ef5e53b72691281","0xad3c895c3678e77884366cd891b0984acd214775","17131.5795"
"0x0472561fd1692a0df1b41205b6ff435aaca64d0216fd6a52734da87caf13648c","4269033","1505294818","9/13/2017 9:26:58 AM","0x69ea6b31ef305d6b99bb2d4c9d99456fa108b02a","0xad3c895c3678e77884366cd891b0984acd214775","2034"
"0x3316e2efb658d1aca6d69eecbfff30bc653c8d063c699747fcebbdf0b9006c38","4268999","1505293888","9/13/2017 9:11:28 AM","0x5fbbd8435933842523ae3d086fa215b0c33816f0","0xad3c895c3678e77884366cd891b0984acd214775","89599.8999"
"0xaf3b7077e12088b67b632a575bd48cdc9be0b50f9c7d9a8c307a49120f0c74f5","4268664","1505285803","9/13/2017 6:56:43 AM","0x40926cfefaaf932b7bc811fdc4eb136ae35c585a","0xad3c895c3678e77884366cd891b0984acd214775","5583.1003"
"0xac99689c8cf68f6dbc83f7e7d527950d9cedbe1b8859525b7f9a427a2aeb16a8","4268391","1505279189","9/13/2017 5:06:29 AM","0x7e493fe9c18a5fd4441e9b617143f656cbf49176","0xad3c895c3678e77884366cd891b0984acd214775","41997.9"
"0xc314687276ccae5477fc8ab7b7ec1a00e8bbbb23b5b60ec872911e025a8f183c","4268302","1505276799","9/13/2017 4:26:39 AM","0x2621db747735de1e34a748861a2473effb91e6ab","0xad3c895c3678e77884366cd891b0984acd214775","36000"
"0x6b9b20a525ba3255cef15e231cc91bd2367e85f5382a9dc5c5be14fdf1fde76b","4268300","1505276784","9/13/2017 4:26:24 AM","0x7707bb4b78d26ae65c73dfe32831bc2088820ea5","0xad3c895c3678e77884366cd891b0984acd214775","5598.8"
"0x38308f62631ae442bde2a9e13231acb0bc00e0e28b46c31c3aaab174a1dee7d9","4267889","1505266863","9/13/2017 1:41:03 AM","0x69ea6b31ef305d6b99bb2d4c9d99456fa108b02a","0xad3c895c3678e77884366cd891b0984acd214775","29998"
"0xd115258b943e4ec8fc137ad815f65a120f36384f58ca9d7dbca3ca6ee8992798","4266402","1505230812","9/12/2017 3:40:12 PM","0x23cac1941af42c3fae10638debf44ad6cff2acb2","0xad3c895c3678e77884366cd891b0984acd214775","323040"
"0xbe36e4f4bca492e207dee2eb2b5d97b7edc0281e537888dc06d2a4d4901d8603","4266254","1505226879","9/12/2017 2:34:39 PM","0xb4c02dfc07408d6983cd253007b524b0da820f5b","0xad3c895c3678e77884366cd891b0984acd214775","1138.9"
"0x8789a80e824eefad5a0da64789b84940a75efb74267cde88faf9f91811f34e24","4265630","1505212134","9/12/2017 10:28:54 AM","0x69ea6b31ef305d6b99bb2d4c9d99456fa108b02a","0xad3c895c3678e77884366cd891b0984acd214775","5698.9"
"0x74dd601cfd19a8a26ce938aa9ac6689dc0de80ca5e4d4f32bc1be3e0edb96b4a","4265363","1505205534","9/12/2017 8:38:54 AM","0x69ea6b31ef305d6b99bb2d4c9d99456fa108b02a","0xad3c895c3678e77884366cd891b0984acd214775","3160.5"
"0x41ea400c56d665958f6458746d16b47d3fcd3a3555654cba877dfe0e99f9e375","4265293","1505203780","9/12/2017 8:09:40 AM","0x3f5ce5fbfe3e9af3971dd833d26ba9b5c936f0be","0xad3c895c3678e77884366cd891b0984acd214775","1398.9"
"0xed685219bf5a7bf0f4f6b5e64181a1f663abfbe3648846a42f6a67f8365e2b7b","4265272","1505203262","9/12/2017 8:01:02 AM","0x3f5ce5fbfe3e9af3971dd833d26ba9b5c936f0be","0xad3c895c3678e77884366cd891b0984acd214775","3522.6072"
"0x3263ca0c99fea1616e86847ffd3ef33c062997e1273ccabb3e15d851e02eaca5","4265155","1505200582","9/12/2017 7:16:22 AM","0xc779fc590379466c59255b3aeb311d24dbd3e1cc","0xad3c895c3678e77884366cd891b0984acd214775","5806.53"
"0x1aa7214ca9c52d61dda9b7593ab6d6dd6789a1e5c23b712c46ff7ae8545385f9","4265111","1505199413","9/12/2017 6:56:53 AM","0x3f5ce5fbfe3e9af3971dd833d26ba9b5c936f0be","0xad3c895c3678e77884366cd891b0984acd214775","12504"
"0x966d24c96fd3c68efeb5b2dd83e463559d3ccf9cd729cfa8cac0f3454d34ed3d","4265024","1505197526","9/12/2017 6:25:26 AM","0x69ea6b31ef305d6b99bb2d4c9d99456fa108b02a","0xad3c895c3678e77884366cd891b0984acd214775","1987"
"0x209abae951d6151e31bc6bcbb694a5d958ba1058cd9b92e5acd7f9c39750f29e","4264901","1505194456","9/12/2017 5:34:16 AM","0x3f5ce5fbfe3e9af3971dd833d26ba9b5c936f0be","0xad3c895c3678e77884366cd891b0984acd214775","10144"
"0xa6155ca64cf7aeea3341c2a9094759467343057ca2b3bbbee2333fed8f184510","4264764","1505191068","9/12/2017 4:37:48 AM","0xdfc156374811eb0c829dd3ac23fc7ecdbea6cc07","0xad3c895c3678e77884366cd891b0984acd214775","111328"
"0x6efe8ed4d7d4a06b514b3ac568a2a4c0bfe5903ebe5835008e9cf3b57272c575","4264753","1505190877","9/12/2017 4:34:37 AM","0xd1427bfbfdca05fedb2eb83e83c2edace2228054","0xad3c895c3678e77884366cd891b0984acd214775","26000"
"0x8b8886d8b1f7b591554b38e903bc9fa77353e2537d688a002e6f1edc26325cff","4264384","1505181645","9/12/2017 2:00:45 AM","0xcc539790167b46503652239664f2a30a2d279917","0xad3c895c3678e77884366cd891b0984acd214775","22798"
"0x1c22c9568f4eba085070a021561d8d46b169cf4369b779b2d2dd3b2eaebd0ac8","4264262","1505178638","9/12/2017 1:10:38 AM","0x3f5ce5fbfe3e9af3971dd833d26ba9b5c936f0be","0xad3c895c3678e77884366cd891b0984acd214775","29998.9"
"0x79dcb6c98eedee2de3fc5ddbbb71aed99728acb610ff5d9fc7e21fbaceee3eb5","4263864","1505169503","9/11/2017 10:38:23 PM","0x69ea6b31ef305d6b99bb2d4c9d99456fa108b02a","0xad3c895c3678e77884366cd891b0984acd214775","142010.4"
"0x241eb1c66b6fbf839285daba6f54e417736de0f676f2a479cf50b820fe6ca51a","4263319","1505156440","9/11/2017 7:00:40 PM","0x653d8ebccd17e29e1e028d1442e53bfab3852846","0xad3c895c3678e77884366cd891b0984acd214775","1017851.2"
"0x3f8b4996f885943bb365381cadb6539e48d04ccebb2652f6da0de060114c34c2","4262841","1505144921","9/11/2017 3:48:41 PM","0x3f5ce5fbfe3e9af3971dd833d26ba9b5c936f0be","0xad3c895c3678e77884366cd891b0984acd214775","29998.9"
"0x1b19fead0d6f92f1a8727dfd2f00aaaea89b3d5cd12afadbfacf8aa3a0568565","4262806","1505144008","9/11/2017 3:33:28 PM","0x1fb08e4a3406fb8f2040a7147155fff698bd12d1","0xad3c895c3678e77884366cd891b0984acd214775","51390"
"0xa202f4a3f5d1e471cf5e60e73da11a82274961a60ee0010b937b02d12b817d05","4262763","1505142957","9/11/2017 3:15:57 PM","0x69ea6b31ef305d6b99bb2d4c9d99456fa108b02a","0xad3c895c3678e77884366cd891b0984acd214775","45782.9"
"0x216fc720924bf06951b64ebb196bde74f2936b8ec6a465aaac84162b2d34fe10","4262456","1505136611","9/11/2017 1:30:11 PM","0x3f5ce5fbfe3e9af3971dd833d26ba9b5c936f0be","0xad3c895c3678e77884366cd891b0984acd214775","5598"
"0xfa00626f45d7a4d12bd43ea26699093b976b6178050a99765ecb1c87ad7b8437","4262409","1505135153","9/11/2017 1:05:53 PM","0x3f5ce5fbfe3e9af3971dd833d26ba9b5c936f0be","0xad3c895c3678e77884366cd891b0984acd214775","45335.44416"
"0xfdb9dd07a9f817e9ac608be01e68a7c66d27b52f7100e8142a1b2b81d5dfff95","4261861","1505122564","9/11/2017 9:36:04 AM","0xaee94794189540305759b21ad6b6d94b0bbd5f91","0xad3c895c3678e77884366cd891b0984acd214775","5928.008"
"0xad7d4fd000aaccc294cbf637a0a336e1228742bb0a7bcd4ff9fe4363ab8a1ca8","4261859","1505122457","9/11/2017 9:34:17 AM","0x175dee6026d69e0a9adaf5e73ed9d7b9765402a8","0xad3c895c3678e77884366cd891b0984acd214775","11776.6999"
"0x9c7affee61453d5b45f378eaa5301a4c311a61c6834728f7070ccd4f400a0079","4261767","1505119738","9/11/2017 8:48:58 AM","0xc25bcbdf113295575754a929ac28a095d58edb4d","0xad3c895c3678e77884366cd891b0984acd214775","96030"
"0xcb62400f7fc1a669984cc0cd5f1efe2b9a71295c53a906f06d7f27ce1e1924d7","4261677","1505117331","9/11/2017 8:08:51 AM","0x3f5ce5fbfe3e9af3971dd833d26ba9b5c936f0be","0xad3c895c3678e77884366cd891b0984acd214775","5998"
"0xcb7ecf0a7fe2386dceb64f27b8a7db148855d5210f71b1b3f763c32516d5c5f9","4261624","1505116252","9/11/2017 7:50:52 AM","0x1717b8648301e9d2c957fb36eb058367ad3932bf","0xad3c895c3678e77884366cd891b0984acd214775","11177.07528"
"0x776abe7b818bdb1b4df72c347509e4b010de8f2ee521029616d19371f0314dff","4261574","1505115144","9/11/2017 7:32:24 AM","0x69ea6b31ef305d6b99bb2d4c9d99456fa108b02a","0xad3c895c3678e77884366cd891b0984acd214775","11331.07"
"0xe23b3a9af301b799dd568707f81e5b442050d8134caa65900450b9cdddae1713","4261512","1505113738","9/11/2017 7:08:58 AM","0x3f5ce5fbfe3e9af3971dd833d26ba9b5c936f0be","0xad3c895c3678e77884366cd891b0984acd214775","8807.88"
"0x69106a1c40b03d3504b2d774c760eb5910f924896883320acbf135d820d6766c","4261461","1505112471","9/11/2017 6:47:51 AM","0x940430c87ad4beaa6e4e0e8e112a34c6a02bb47f","0xad3c895c3678e77884366cd891b0984acd214775","8550"
"0xc6a324832185aa23f3e7d0ccb1caeac0736d89bc6c572b74f7349b38402467b5","4261423","1505111323","9/11/2017 6:28:43 AM","0x38aa78ac8927f1f9e25fa8b9819ab6896ebb060f","0xad3c895c3678e77884366cd891b0984acd214775","17097"
"0x23e9456d37b7d52fc511a301054aede6b1776a77348405831e483fe3a39322c1","4261390","1505110730","9/11/2017 6:18:50 AM","0xb05d8cd7543c14d5e670c9b68a368f02222be3b2","0xad3c895c3678e77884366cd891b0984acd214775","140464.24"
"0xbc98fab8b4d5d057e07c3f6e9abc2140a4dda47b2267133df3986267fde41960","4261357","1505109701","9/11/2017 6:01:41 AM","0xb2a19e2b95477a91601d94f0716b49d6a00dc697","0xad3c895c3678e77884366cd891b0984acd214775","121740"
"0x7cfbfe9bd127b73eca24778dc9023b16ab90af732e5f2be2b007e8d149b72656","4261343","1505109374","9/11/2017 5:56:14 AM","0x94b2a856fd29a6c61f3e0bd98d4cad62be59278a","0xad3c895c3678e77884366cd891b0984acd214775","5908"
"0x624abf3a90dc4deaf129d07aa629c279066f55efbc027a2a40c8508112abe743","4261300","1505108097","9/11/2017 5:34:57 AM","0x5b44f5d7981135a42015574d2c3e3605ff7c6214","0xad3c895c3678e77884366cd891b0984acd214775","6832"
"0xfe5a4c6544a117ed595d0dd343413fb7740c14995d03f631dc6724d523b5ec05","4261266","1505107358","9/11/2017 5:22:38 AM","0xb2a19e2b95477a91601d94f0716b49d6a00dc697","0xad3c895c3678e77884366cd891b0984acd214775","237796.8"
"0xd9e059abd37b630c40e1fe27eca97be78628b117020e49914a24ad50dafb02f8","4261239","1505106581","9/11/2017 5:09:41 AM","0x69ea6b31ef305d6b99bb2d4c9d99456fa108b02a","0xad3c895c3678e77884366cd891b0984acd214775","16798.9"
"0x658e446be1d4966ecb2b2fc052759a027c247b019beb73f7d155287caf89de40","4261227","1505106286","9/11/2017 5:04:46 AM","0x8a6eebcdc30c130cef9942e7eeed4fe9d0ad7842","0xad3c895c3678e77884366cd891b0984acd214775","16798"
"0x24fbc8a36af86452a2446a80c52204c8d09c1b3d50646c097c8968e3fa6f7f28","4261130","1505103554","9/11/2017 4:19:14 AM","0x69ea6b31ef305d6b99bb2d4c9d99456fa108b02a","0xad3c895c3678e77884366cd891b0984acd214775","5039"
"0xd14062bd45d2540faee58000a6c051fb39663eca61875a766109404312553f00","4261119","1505103297","9/11/2017 4:14:57 AM","0x3f5ce5fbfe3e9af3971dd833d26ba9b5c936f0be","0xad3c895c3678e77884366cd891b0984acd214775","5998"
"0xc4e409969b4fd434bba796b99d75e81fc9321fb3991a87707cdfa043d5045e60","4261040","1505101763","9/11/2017 3:49:23 AM","0x6a6213cfbe43eec4fcf506488d4b000d0fbb2369","0xad3c895c3678e77884366cd891b0984acd214775","5640"
"0xf286035a3a425c18f33770534b4a0808caf27ebd1c9d5e4368afdc5cca767939","4260956","1505099331","9/11/2017 3:08:51 AM","0x69ea6b31ef305d6b99bb2d4c9d99456fa108b02a","0xad3c895c3678e77884366cd891b0984acd214775","14042"
"0x60c67f3a2ff5ce1975d389bd5b588a8120eea2c240b530303929a2ce8c3d588e","4260883","1505097353","9/11/2017 2:35:53 AM","0xcb4bb248233e24ec1a5ef83bb784c3762fcbef2a","0xad3c895c3678e77884366cd891b0984acd214775","23938.9"
"0x4b24b7a27f9f595ef10431f25540c0e0ede659095b3f3c284b1363b0ec30d422","4260826","1505096140","9/11/2017 2:15:40 AM","0x6fefd025a087ea9a75943357b4fd9e110df260bd","0xad3c895c3678e77884366cd891b0984acd214775","10000"
"0x40255458646f99208e2ba3ec99ce7d1258a5fb033236da643614d045d0e90367","4260594","1505090374","9/11/2017 12:39:34 AM","0xbfc2558800b7a47a4800baf99164998e6b9db200","0xad3c895c3678e77884366cd891b0984acd214775","78207"
"0x989e9c0d5fd736fdc9bb03a41eebb7dea12de88b0a2938cb3e468720c30ac073","4260500","1505087685","9/10/2017 11:54:45 PM","0x8b840c99aa60a2cb5153f62462da1eac59c1dea0","0xad3c895c3678e77884366cd891b0984acd214775","5813.5668"
"0xc264ea0ca42ddc8f00731cc862bf91944af480fad897624adac25c3753c206f4","4260412","1505085513","9/10/2017 11:18:33 PM","0x69ea6b31ef305d6b99bb2d4c9d99456fa108b02a","0xad3c895c3678e77884366cd891b0984acd214775","398.98"
"0x32aab0505a2d1d3446c529daf985de009977dcaf2f302d1a8bc974eb5d56615a","4260352","1505084231","9/10/2017 10:57:11 PM","0x69ea6b31ef305d6b99bb2d4c9d99456fa108b02a","0xad3c895c3678e77884366cd891b0984acd214775","999"
"0xa92f18b1f8939b925dad6644a31a6c8aadaa45646268813e0bcb3374f5532511","4260115","1505078791","9/10/2017 9:26:31 PM","0x12e6ca6b331d0f801cd73f0aef19b4243c1278d6","0xad3c895c3678e77884366cd891b0984acd214775","59940"
"0x95887c969f30229a3611647e534d8a911510b05e827f0d6dd2f4afee8af26529","4259250","1505058885","9/10/2017 3:54:45 PM","0x2d677b10fa21cda9e9a726521db032563e2f39bd","0xad3c895c3678e77884366cd891b0984acd214775","750"
"0xe1d3041d3607a3addbdb3fd55c1d285e6e8e0e7353f3bede381ea5a1a2a49213","4259217","1505057781","9/10/2017 3:36:21 PM","0x52b735c85375ff200e9a0a6151a2a0aa7312860b","0xad3c895c3678e77884366cd891b0984acd214775","58867.1671"
"0x2940fc402435a8a8770c06a42ce7849b4b2aa32e42a10846a3630c7ca887734a","4259202","1505057420","9/10/2017 3:30:20 PM","0x26b8a6d1a149995d020b8a6ed9e0b9a7dc6a34f2","0xad3c895c3678e77884366cd891b0984acd214775","59999.8"
"0x08a97e400d42d4750fe6ca0096e43b74d08a06770cf889068d8af05512eb9b99","4259056","1505054081","9/10/2017 2:34:41 PM","0x4d1521b041b669d09de8dffa369b543d64543077","0xad3c895c3678e77884366cd891b0984acd214775","5583.1"
"0x149f6334f585f1bb5029424798d8aabec63c818b593675931e361fe917200c34","4259051","1505053994","9/10/2017 2:33:14 PM","0x69ea6b31ef305d6b99bb2d4c9d99456fa108b02a","0xad3c895c3678e77884366cd891b0984acd214775","16778"
"0x971c41a59ca66778436bb8703e58d2d534e39a2d6a56942c16c8e3595d8cdb5f","4258934","1505051680","9/10/2017 1:54:40 PM","0x96a9d446ff161d46711fb79cb0e5284910b39081","0xad3c895c3678e77884366cd891b0984acd214775","11989"
"0x3d481d208208a321386f785a3d1b0fabbd6303859217ad8a082514e6a09d2423","4258816","1505048707","9/10/2017 1:05:07 PM","0x69ea6b31ef305d6b99bb2d4c9d99456fa108b02a","0xad3c895c3678e77884366cd891b0984acd214775","16420"
"0x5cee0d83de3aefbdeb30751817572e9d1ae793f37e5611855816aee787be4307","4258754","1505046819","9/10/2017 12:33:39 PM","0xf8e004dc87ad49cb1a1a32a230a82038e300d248","0xad3c895c3678e77884366cd891b0984acd214775","2998.9"
"0x159e1f2e501f85df4d63278acea5b8f95bfeb95708a07ec6c4ee36e18aa4ccfe","4258695","1505045166","9/10/2017 12:06:06 PM","0x3f5ce5fbfe3e9af3971dd833d26ba9b5c936f0be","0xad3c895c3678e77884366cd891b0984acd214775","2698"
"0x401a9230c7c16504eede2674c44442cf3a8caa930fe693d8d3f1147be8df90bc","4258681","1505044795","9/10/2017 11:59:55 AM","0x69ea6b31ef305d6b99bb2d4c9d99456fa108b02a","0xad3c895c3678e77884366cd891b0984acd214775","2798.9"
"0x4d75c3ed7e6b350e10dbd56ad69f54b4c8ef25dd3689683e08341d96deec8252","4258087","1505030197","9/10/2017 7:56:37 AM","0x6bbfdd1dc5851617a4be8fef52276bcac7d8b046","0xad3c895c3678e77884366cd891b0984acd214775","4200"
"0x32c690ef640a10c32c15efecc2f79d81fbdd2043c588a17f75b80bdb7eba09c1","4258032","1505028534","9/10/2017 7:28:54 AM","0x48f2c26d8205a6c08caf99eabc927b744b206cb0","0xad3c895c3678e77884366cd891b0984acd214775","2841.45"
"0xb9bbcae8830cc95c76ae6558c6ea8f501e6adfd543b10885249325c02f926ade","4258013","1505027831","9/10/2017 7:17:11 AM","0x92808b6c7ea65b31f160512b8189aa9b91199c3b","0xad3c895c3678e77884366cd891b0984acd214775","5867.8999"
"0xcf68e093c49060a4f2923b664dd5d841fb6a4f4f7d4b7963ea6781304d84d15f","4258013","1505027831","9/10/2017 7:17:11 AM","0xe601ab809f3c119cfa2ffe0e724f1938bf26f149","0xad3c895c3678e77884366cd891b0984acd214775","54939.3999"
"0x46956e96eedb5ef88bfa9a9186a2b45a0edc649992c276c8a9a1bb85ab96a2bd","4258007","1505027681","9/10/2017 7:14:41 AM","0xcf5a0018099418f6a6e2cf52ac52cdf434dfd865","0xad3c895c3678e77884366cd891b0984acd214775","27580"
"0xd383fc0dff029933596c5ca30699cb7123f4fe15137f74761140284bfb0979d5","4257984","1505027071","9/10/2017 7:04:31 AM","0x69ea6b31ef305d6b99bb2d4c9d99456fa108b02a","0xad3c895c3678e77884366cd891b0984acd214775","27998.9"
"0x533991354ead62e247f08099fc3d73a0c944e0876e5eac337564b0424761ee30","4257889","1505024904","9/10/2017 6:28:24 AM","0x21e3ee0ab172b65d78c9dceec19bccad45ceb1a5","0xad3c895c3678e77884366cd891b0984acd214775","21243.74"
"0x6d895613689f5a4526d75c6e339c35cfb4b5c6c1f9c0fce98385710dc0861e0f","4257855","1505024018","9/10/2017 6:13:38 AM","0x0b22b0d6a7224b8f061ba9b273e08982902ee26c","0xad3c895c3678e77884366cd891b0984acd214775","284998"
"0x39db1f564f624a1027d387b95f65d29c1ccacbcaed9cf8bce41f5634d7ba9058","4257823","1505023282","9/10/2017 6:01:22 AM","0xb502100e71438caf39ddce2750d950de5c4a983d","0xad3c895c3678e77884366cd891b0984acd214775","18282.292"
"0xa7aa0d18bc08df3f11bf701cfbf61eed9cbafc467eba62008ea2a7e5cc4717cb","4257652","1505019354","9/10/2017 4:55:54 AM","0x69ea6b31ef305d6b99bb2d4c9d99456fa108b02a","0xad3c895c3678e77884366cd891b0984acd214775","8019"
"0xb7090b857c8b0fdc10d34cfd7640f55c56fa48ea68a58b45e187257a6ae087a7","4257610","1505018341","9/10/2017 4:39:01 AM","0x3f5ce5fbfe3e9af3971dd833d26ba9b5c936f0be","0xad3c895c3678e77884366cd891b0984acd214775","7237.1203"
"0x97b89c80f36940ee7e70c9411610f541afb533f40674d8c1622ff6c5c5648a42","4257607","1505018264","9/10/2017 4:37:44 AM","0x69ea6b31ef305d6b99bb2d4c9d99456fa108b02a","0xad3c895c3678e77884366cd891b0984acd214775","25206.124"
"0x29015d0526c3411c57bfcbb4006480d814a92b7718a6d100db1c294559766386","4257575","1505017394","9/10/2017 4:23:14 AM","0xc3d5ed13ba9658d970da29d5907deb850e238881","0xad3c895c3678e77884366cd891b0984acd214775","13999"
"0xeab8a0756291b3d4073f1d56abca62beccd331247161fa2d0f41e5ec99b43a0a","4257558","1505016950","9/10/2017 4:15:50 AM","0x08698fc2c8b97312d5c4a18e8e09b57e9505d54b","0xad3c895c3678e77884366cd891b0984acd214775","111888"
"0x3a320dbbf9884d9856800957c83988e671903bab137fbf6bef3cc8cc7bf30c4e","4257536","1505016592","9/10/2017 4:09:52 AM","0x2aa779768d5f71fc48882a4e385db0e1e3a6da80","0xad3c895c3678e77884366cd891b0984acd214775","39143"
"0x1664563f419d835d7b4a89ffcf70ab3cf6b5f245257dbc699dc8589e42e9a051","4257500","1505015612","9/10/2017 3:53:32 AM","0x0f77b43c426a25acac0cebfba8096a3712938bd0","0xad3c895c3678e77884366cd891b0984acd214775","13622"
"0xd7931bb72c5771b9c3ec1c50d48d8d0ddaa251eb80e8e93b3314ed5a78ddbe1f","4257486","1505015368","9/10/2017 3:49:28 AM","0x2de27f2f1a5c7124775cea4603dac82bf7dfca3f","0xad3c895c3678e77884366cd891b0984acd214775","12799.9"
"0x4cebd0949684da8c2f08ad8da4671e0525563a33303a204d5fb3b1fda2efc58b","4257414","1505013619","9/10/2017 3:20:19 AM","0x69ea6b31ef305d6b99bb2d4c9d99456fa108b02a","0xad3c895c3678e77884366cd891b0984acd214775","27969.688"
"0xa180c193200a3f241b7e601f3123616fa55f032362d2a0c5ab998063a08a0917","4257414","1505013619","9/10/2017 3:20:19 AM","0x69ea6b31ef305d6b99bb2d4c9d99456fa108b02a","0xad3c895c3678e77884366cd891b0984acd214775","10164"
"0xfb0273e2c1ff3ab07a7ff98bb5606a609b5a79081a9dd0ba42c7950883382e8b","4257382","1505012962","9/10/2017 3:09:22 AM","0x69ea6b31ef305d6b99bb2d4c9d99456fa108b02a","0xad3c895c3678e77884366cd891b0984acd214775","58393.56"
"0xcb206ea1d939e56e150264953afb45e7531314bf4b7e1027570138bccb7c01be","4257356","1505012301","9/10/2017 2:58:21 AM","0xd6e5310258d0d4cabd7e89b905abc92a67ab6eee","0xad3c895c3678e77884366cd891b0984acd214775","971.263"
"0x78d90bd04fe741da60b7ec8105f3113a071b137f25dcd7a35bdefb7462d39426","4257286","1505010644","9/10/2017 2:30:44 AM","0x19994d88498d08465d2a167032caeca9eb1b6d89","0xad3c895c3678e77884366cd891b0984acd214775","11132.8"
"0xf93fcbfec8aa48523e9dd4609b0feb7f35a2c07f22cef641ff8bafa175f6aa61","4257206","1505008503","9/10/2017 1:55:03 AM","0x69ea6b31ef305d6b99bb2d4c9d99456fa108b02a","0xad3c895c3678e77884366cd891b0984acd214775","11293.9376"
"0x48c53db70a9156cb2dc51296a4a47369ea95ee04f2334a55d79878b0969c222b","4257168","1505007762","9/10/2017 1:42:42 AM","0xca1e856bab6302ac97dabf28604cd5d4d68290de","0xad3c895c3678e77884366cd891b0984acd214775","84200"
"0x7f2a64e6333cef813c4044d9f3a72bdbd7599b99440440a74cefcd002cb4c9a6","4257064","1505005349","9/10/2017 1:02:29 AM","0x69ea6b31ef305d6b99bb2d4c9d99456fa108b02a","0xad3c895c3678e77884366cd891b0984acd214775","31989"
"0x80a071a56794f37663b174f3a193b1c143f090afc361bea8a1472a6a5449d63c","4257058","1505005093","9/10/2017 12:58:13 AM","0x5f368ba18ee82177061c37a28a4e6887ca40dfcf","0xad3c895c3678e77884366cd891b0984acd214775","5114.61"
"0x036706cbccc7df9454ed55080e47c6c9917cd30012988d869ed8b8affee78af3","4257017","1505003829","9/10/2017 12:37:09 AM","0x69ea6b31ef305d6b99bb2d4c9d99456fa108b02a","0xad3c895c3678e77884366cd891b0984acd214775","7798.8"
"0x3ebb9cc7ace9feafe3f9f3d7691917773d8db90bfe9e260267b71bba6331f346","4256966","1505002458","9/10/2017 12:14:18 AM","0xdc177716b6f33dee5921ddc89f2634e71e1b2dd4","0xad3c895c3678e77884366cd891b0984acd214775","23992.9205"
"0xb57067e63ee69eedaabb235167d1ea1a4b34065af5e3389c537170bc417ac22f","4256821","1504998905","9/9/2017 11:15:05 PM","0x69ea6b31ef305d6b99bb2d4c9d99456fa108b02a","0xad3c895c3678e77884366cd891b0984acd214775","22513.8097"
"0x4f2652345dc44d5275c0be503cfc09349bb2c5e6c4e0942f60c63df37de49325","4256807","1504998315","9/9/2017 11:05:15 PM","0xd8140042a4cd7917e3ef66bc4728df3961033184","0xad3c895c3678e77884366cd891b0984acd214775","5599.9099"
"0x02e0736ba01cd00f4874de037528f749b59ae8ec1b5aac947ed8c17fec1a1a9e","4256252","1504985221","9/9/2017 7:27:01 PM","0xde8a9ef4ceebb417cd8eb51d8d78405541e0bc33","0xad3c895c3678e77884366cd891b0984acd214775","551538.5"
"0x421ad310c9b7f16b2835c38ccf023596205a16dd08b443f3ca82a106097b2b2f","4255979","1504978555","9/9/2017 5:35:55 PM","0x69ea6b31ef305d6b99bb2d4c9d99456fa108b02a","0xad3c895c3678e77884366cd891b0984acd214775","16799"
"0xe40d3bd4a1f747ba2a0bd7c1473103c93b5ebb3aa8c449a11750cfbd647b7b8e","4255735","1504972927","9/9/2017 4:02:07 PM","0x69ea6b31ef305d6b99bb2d4c9d99456fa108b02a","0xad3c895c3678e77884366cd891b0984acd214775","5582.1"
"0xf49fb05cc5e731f5bcfe91b142fdde54aaaf47e94cd9d3c0c8e166e4e180995d","4255704","1504972140","9/9/2017 3:49:00 PM","0x5bf4a79a0bec1abec595c706bd16b783d3e6a9dc","0xad3c895c3678e77884366cd891b0984acd214775","11998.9"
"0x74d68f56d9451045ed66ff1dd74f801aa408d228c8eefad30bacd641c1b9488c","4255674","1504971495","9/9/2017 3:38:15 PM","0x099d8c8e540f3acbf54acf1c55f90c7c96bb8f44","0xad3c895c3678e77884366cd891b0984acd214775","5701"
"0x570a0f37b428d67458b5bcc4404877a4c10422232ded220c5abf661ba2569c32","4255643","1504970826","9/9/2017 3:27:06 PM","0x69ea6b31ef305d6b99bb2d4c9d99456fa108b02a","0xad3c895c3678e77884366cd891b0984acd214775","55998.9"
"0x16c12d70a338491806491c983ca03e8fc6262f17021e1744d159b8ef4fb7eb28","4255635","1504970608","9/9/2017 3:23:28 PM","0xd12115dd0229ce85b83c9f68878064c030b52fe7","0xad3c895c3678e77884366cd891b0984acd214775","16948"
"0x3d35fb3f56d075dd14eadc9e26aef81016f394379ea57c557edb65632d85c996","4255609","1504970199","9/9/2017 3:16:39 PM","0x12745df0256897f0d45ac05d5da1aa8c900b5ddf","0xad3c895c3678e77884366cd891b0984acd214775","6718.9"
"0x3bd22cc61de159f2bc26b8955668e49c9841070a8867a700a82db49b2af04581","4255607","1504970044","9/9/2017 3:14:04 PM","0x3f5ce5fbfe3e9af3971dd833d26ba9b5c936f0be","0xad3c895c3678e77884366cd891b0984acd214775","85118"
"0x94c9f450a47fbda15b6ab44ff1c26c1bbb882520391d78a224d6ede544240112","4255558","1504968875","9/9/2017 2:54:35 PM","0xcc54093db718aeeb8efdba3323e69fda93564cd0","0xad3c895c3678e77884366cd891b0984acd214775","51997"
"0x97161103bc9f0e3a37b88aa46cafe8bf72e64fbf2cfdd1761e5397fda14b454f","4255544","1504968581","9/9/2017 2:49:41 PM","0xb0f11412ab9b10fda58a746850769bad7ca80de9","0xad3c895c3678e77884366cd891b0984acd214775","5599.8999"
"0x4a888c3097c33f37dbcc19ce5d8b423b17da9639267a38d3bb376b26902b5408","4255544","1504968581","9/9/2017 2:49:41 PM","0x2f218341ffc5ffe9cb6925dab7e174063b268e5c","0xad3c895c3678e77884366cd891b0984acd214775","139444.36"
"0xf1d07a51b8b6c3ad49b23101f3053f62683b0d718ace9db779490a1da638c2a5","4255514","1504967555","9/9/2017 2:32:35 PM","0xb2dc8ba78b5994a46b598d58bffa618ebf4ea041","0xad3c895c3678e77884366cd891b0984acd214775","81760.0862"
"0xed992ee72112d93f83dea2b46aaa01e0181c870f277fb0ef4575ebc9e82b3099","4255507","1504967300","9/9/2017 2:28:20 PM","0x793d23ef0785f8ee61d5dabe13c51271b4e7fde6","0xad3c895c3678e77884366cd891b0984acd214775","5583.1"
"0x2a6a098e5bb78e516da7669c43a40be22df9282fe4e795bb61c4aaf1f4b5ccea","4255502","1504967187","9/9/2017 2:26:27 PM","0x69ea6b31ef305d6b99bb2d4c9d99456fa108b02a","0xad3c895c3678e77884366cd891b0984acd214775","5597"
"0x775f5ae915169fd510fde5cf102d0ede17982821c836daf3c092b829f80a8a74","4255491","1504966890","9/9/2017 2:21:30 PM","0x7820fd2ca0ccaba83b3639a2d5343573b7989863","0xad3c895c3678e77884366cd891b0984acd214775","6466.9"
"0x5e35695455e1c6514b9d23895d0eacdac84513ffdc7189a597c90119f58a7785","4255467","1504966224","9/9/2017 2:10:24 PM","0xd16cebb8e4900655c313024937b08cd01cc15445","0xad3c895c3678e77884366cd891b0984acd214775","5697"
"0x99bcf57f03f29e74b4ee41ac1e46f46f2e0c93d77b4f84b7661262d2382f6652","4255452","1504965913","9/9/2017 2:05:13 PM","0xe7b5789e6ba918b3fd4acee6dc6d90693c125e54","0xad3c895c3678e77884366cd891b0984acd214775","16798.9"
"0x73848753c282d1babd4869f2f5ae6e5d27de482f3bbf9ebaadd9d5b7674f759e","4255418","1504965138","9/9/2017 1:52:18 PM","0x3f5ce5fbfe3e9af3971dd833d26ba9b5c936f0be","0xad3c895c3678e77884366cd891b0984acd214775","10360"
"0xd962977e80ab0f2f72e6c26fd5f221b6a47df2a73104bee6a0cca7242a32211e","4255369","1504964069","9/9/2017 1:34:29 PM","0x18762b21e85165f3b1e1f8526ca0af7c8facb476","0xad3c895c3678e77884366cd891b0984acd214775","41608.4199"
"0x0dec58bfc45013760c7d114ff6e3b769eb253bed16d814b0dda4983d0ee0f392","4255369","1504964069","9/9/2017 1:34:29 PM","0xc5ce26469794d196f16f4b83422bdae40f610dd8","0xad3c895c3678e77884366cd891b0984acd214775","5939.9"
"0xd34ac2e8290fd207742d6126522ed36b8f5c75605f6348913717d5fa969477a6","4255368","1504964056","9/9/2017 1:34:16 PM","0x69ea6b31ef305d6b99bb2d4c9d99456fa108b02a","0xad3c895c3678e77884366cd891b0984acd214775","499"
"0x5344a083043ce2e4c040c9762acf2858e5a30d6abc28df804076d1465e59bac2","4255365","1504963940","9/9/2017 1:32:20 PM","0x50e02e520a6373b739573fc473e3036dc0cb7a61","0xad3c895c3678e77884366cd891b0984acd214775","153412"
"0x50f507efda9c364e4ba27276ea88d8cd98b2ee3e087f9513f84b53cb1acc0510","4255311","1504962371","9/9/2017 1:06:11 PM","0xaa30ccd4d536c42aa5b0eb2ba8d78100652fb1c3","0xad3c895c3678e77884366cd891b0984acd214775","520.9"
"0xa789083db59c8dc743747a4fdfc2ac97b094bdb1d406bcaeaeda3ed278abf4e2","4255254","1504960805","9/9/2017 12:40:05 PM","0x378e458a878912393afb784a80c70d6f09c9e89b","0xad3c895c3678e77884366cd891b0984acd214775","5697.9962"
"0xc9ee336353f35362dd7a0ca7a10a606c7b98212709354b49fe72cda5f690a288","4255225","1504960088","9/9/2017 12:28:08 PM","0x69ea6b31ef305d6b99bb2d4c9d99456fa108b02a","0xad3c895c3678e77884366cd891b0984acd214775","11198.9"
"0x8631e8181964713cd23b876a02b016537a32f401eea2f5074da86a7c72861dd5","4255189","1504959295","9/9/2017 12:14:55 PM","0x69ea6b31ef305d6b99bb2d4c9d99456fa108b02a","0xad3c895c3678e77884366cd891b0984acd214775","16798"
"0x0adaa332130979322f5ce878910d0b399238ed5e76f2ebbe5824a4f9fffd4f5e","4255160","1504958541","9/9/2017 12:02:21 PM","0xc9b9ac96ea8df1ebd668cc1f15812e6876f53167","0xad3c895c3678e77884366cd891b0984acd214775","5934"
"0x082b3a87b39923bbeb5ddb8a33840ecf941bf30c3e168afb8da821efd6c5132c","4255112","1504957581","9/9/2017 11:46:21 AM","0x0d559c062d4c1560d3be09e16aca65d0dd50ef0f","0xad3c895c3678e77884366cd891b0984acd214775","280426"
"0x99ef066b0595102ec47bfa3c5127b449055ecaff3d1a2a85e57065fb0bb3c19e","4255108","1504957480","9/9/2017 11:44:40 AM","0xe601ab809f3c119cfa2ffe0e724f1938bf26f149","0xad3c895c3678e77884366cd891b0984acd214775","56000"
"0xdd0f1af596465d6068541238c9a28dbe69d70bceb61ea1f945e2904f4e014183","4255094","1504957044","9/9/2017 11:37:24 AM","0xb571e40fe403ff9a0d9cd3348439f5d1db59d418","0xad3c895c3678e77884366cd891b0984acd214775","111997"
"0xee20c603638b567f896c29b0bfe61413d95655123ec3bbe0fef134262579d4fc","4255085","1504956780","9/9/2017 11:33:00 AM","0x5f7cf7f126c42cefd844a63cd2cc4f3bff3f9981","0xad3c895c3678e77884366cd891b0984acd214775","75225.7595"
"0xe2d849a5edb673b1fd0f36defb5384013222688fb4a76e6b1543c1690ae2ac82","4255053","1504956190","9/9/2017 11:23:10 AM","0xcb5a470f65a04fa9e8ad8e1f96fa8565578da0a5","0xad3c895c3678e77884366cd891b0984acd214775","5689"
"0x49ada25648d620aa3e2820fa8b904c9c9b1f9d135fade3f47ea8a5caa1b6aa18","4254985","1504954759","9/9/2017 10:59:19 AM","0x69ea6b31ef305d6b99bb2d4c9d99456fa108b02a","0xad3c895c3678e77884366cd891b0984acd214775","514348.48"
"0x761142c70d2efb74fe0385ef81220b708ab175e137a4665edec7be5144e6acf2","4254973","1504954330","9/9/2017 10:52:10 AM","0x19855cf4b45b4611e89d7d6f474bc5dbe1f20a6f","0xad3c895c3678e77884366cd891b0984acd214775","7950"
"0x2755260476edcae65ff3397fc8686fa2322ab2573105fc92fb3f7cefc2bfbcec","4254924","1504953153","9/9/2017 10:32:33 AM","0x6cdfb82d73d1999abaee52285c4d6c09b5e1d659","0xad3c895c3678e77884366cd891b0984acd214775","9784"
"0x3075500435817d19c53dbf3136d98622d591183cac67dee8e5a1d13a2940d788","4254886","1504951961","9/9/2017 10:12:41 AM","0x3f5ce5fbfe3e9af3971dd833d26ba9b5c936f0be","0xad3c895c3678e77884366cd891b0984acd214775","18988.4144"
"0x694f85f2920815fcb020f607db0df9824a1c8a05bb93ea2ab6836d8e2c7927ee","4254886","1504951961","9/9/2017 10:12:41 AM","0x7e47c5044d73612cee9d36fc4e011820c4934a95","0xad3c895c3678e77884366cd891b0984acd214775","16800"
"0x978adc230b358b54b90dd331dddf588b0e5f308ddbe6defba213702dfb08d5cd","4254884","1504951912","9/9/2017 10:11:52 AM","0xbe4a1d04f25692de0224a767270a0c77f073412a","0xad3c895c3678e77884366cd891b0984acd214775","11878.9"
"0x4e79a364b86985679dbf695602a7787807dc458043c0f405c05970a777bdd740","4254876","1504951825","9/9/2017 10:10:25 AM","0x1709b26a9a1dd850b9eedd1ae37f35572f785ef1","0xad3c895c3678e77884366cd891b0984acd214775","5936.0999"
"0xf3d4ee82a9e32e97ace1e980645d8fd165f0d5d31f393a7f3bbad0d5c0198257","4254840","1504950894","9/9/2017 9:54:54 AM","0x69ea6b31ef305d6b99bb2d4c9d99456fa108b02a","0xad3c895c3678e77884366cd891b0984acd214775","129556.523"
"0x0a95d08bb7273830bf2859106821f8982228dff74a9dd27d37a1e3742ac2bdd3","4254840","1504950894","9/9/2017 9:54:54 AM","0x69ea6b31ef305d6b99bb2d4c9d99456fa108b02a","0xad3c895c3678e77884366cd891b0984acd214775","5599"
"0x0e653a8e2517ee234bfae2e2c4b2a87c16dcbb9b94d5614a64913bda4d1a6b2f","4254839","1504950857","9/9/2017 9:54:17 AM","0x69ea6b31ef305d6b99bb2d4c9d99456fa108b02a","0xad3c895c3678e77884366cd891b0984acd214775","2743"
"0x57af8170a78e9974e69a4f901c68e5b83bd2d3256de7f08f1fd9731fc3718815","4254838","1504950849","9/9/2017 9:54:09 AM","0x69ea6b31ef305d6b99bb2d4c9d99456fa108b02a","0xad3c895c3678e77884366cd891b0984acd214775","17398.9"
"0xcf958f4deb597aab9c85726410a69bcc38d733d5c2db3d0a9f4448001cb87ce2","4254832","1504950744","9/9/2017 9:52:24 AM","0x69ea6b31ef305d6b99bb2d4c9d99456fa108b02a","0xad3c895c3678e77884366cd891b0984acd214775","5481.356"
"0x4be0a50a6c47ed90b0fc50c8fc99011042a67f59f1844fab4c78393721bb6923","4254770","1504949126","9/9/2017 9:25:26 AM","0x4c0ea736a5e3f202a7dfc4b28011eb5edbe72011","0xad3c895c3678e77884366cd891b0984acd214775","26620.2916"
"0x5a2130f10e325007e18d0ff1cf7e2d76a6581eba426e1245ff52ab4d631669ff","4254722","1504947658","9/9/2017 9:00:58 AM","0xbab53a3cda053a49843b7b717a20bc3db6efa2ad","0xad3c895c3678e77884366cd891b0984acd214775","66118"
"0x8f9f33dc0b6399a5c410bb70c2f1754b1094c2c0cb0b1992d52d8030c1f49da2","4254692","1504947133","9/9/2017 8:52:13 AM","0x5a09f6653b55ea9bd69435a176ddb0e72c7e0b7c","0xad3c895c3678e77884366cd891b0984acd214775","34933"
"0x89509a60d524fc0790173019c9f121de77fc83b13b5850051c26c7eddb5e7c0f","4254568","1504944011","9/9/2017 8:00:11 AM","0x055cdf825584b3dacb5be75ff24e6be03b306302","0xad3c895c3678e77884366cd891b0984acd214775","11199"
"0xbeefd46d7661d5bc7896df3c60f1b138f2a4ef3f4dc2eedcb27cae8e27bb42f5","4254562","1504943920","9/9/2017 7:58:40 AM","0x3f5ce5fbfe3e9af3971dd833d26ba9b5c936f0be","0xad3c895c3678e77884366cd891b0984acd214775","11999.8"
"0x55d06737dfec09a828001ca28e27a7a4313a167c859010531f196e7a94e7a005","4254542","1504943220","9/9/2017 7:47:00 AM","0x742f1704ab4aad5c9ff549d8657d0611dcb994b7","0xad3c895c3678e77884366cd891b0984acd214775","8913.18"
"0xccc64c50f00de346ad8d81224ab63bca062077dd083f6da9324fd868a6f2cd70","4254484","1504942002","9/9/2017 7:26:42 AM","0x888e131f5a8daaecda271e6efbb9c9ec226d5553","0xad3c895c3678e77884366cd891b0984acd214775","1809.94336"
"0xe63314df9393144dc8e5e39af2b6f3dadb0a49c025911ac451505dd15e3d45f9","4254466","1504941552","9/9/2017 7:19:12 AM","0x5953ab9a4d060458324d0e339801f50b797ae2eb","0xad3c895c3678e77884366cd891b0984acd214775","28413.4"
"0x0a10b0be875493458806b869946de17510f2827c8ed0e938b3bd022e22fa8f83","4254430","1504940803","9/9/2017 7:06:43 AM","0xc9bd9e820befe3f0f234d599d79dd3463a9a35be","0xad3c895c3678e77884366cd891b0984acd214775","100000.9"
"0x8ee40a60ca60e83d1eac315af07dcd86612c9eb188f7ddd180b556c610199a1a","4254298","1504938088","9/9/2017 6:21:28 AM","0x7916d42d64ae1ee01023a3a49a49d3511570bb1e","0xad3c895c3678e77884366cd891b0984acd214775","459.9999"
"0xbf5e6778c607be3f0b44fa8d5f2f7c21d7341a75adec101da9554ed6ea638fb6","4254296","1504938054","9/9/2017 6:20:54 AM","0x7916d42d64ae1ee01023a3a49a49d3511570bb1e","0xad3c895c3678e77884366cd891b0984acd214775","20000"
"0x7f9dcd41da76fbb69bc5f7e16e9ecba97a16581fd883a3eccfd77d4c5b7a8eb8","4254263","1504937114","9/9/2017 6:05:14 AM","0x086344dec044708731e147526f638d1ab19134f3","0xad3c895c3678e77884366cd891b0984acd214775","29896.85"
"0xcb35a4fe4e43c1ad4e10aa3fe463d7044dcef2245b0921223b874abfeaf057b0","4254113","1504933146","9/9/2017 4:59:06 AM","0xdde58829319ac58420a71992587153ab49a7650f","0xad3c895c3678e77884366cd891b0984acd214775","30744"
"0xb61e1fdb13b439b056125fe2e0616c02710bda3e9db4878f7600a893cc294ccb","4254081","1504932354","9/9/2017 4:45:54 AM","0x3f5ce5fbfe3e9af3971dd833d26ba9b5c936f0be","0xad3c895c3678e77884366cd891b0984acd214775","7003.875"
"0x9bbc2a804ddbf6eda65c06ff381727cfd0582d08b88ca06684547fb2d8868c0f","4253870","1504927223","9/9/2017 3:20:23 AM","0x0a1aec27758e669616b70dd39b39c101bf442259","0xad3c895c3678e77884366cd891b0984acd214775","5999.9"
"0x511cb010cefe091e2755fb912a45d22fdc7be297ca91f0e7e64caae016160c80","4253850","1504926547","9/9/2017 3:09:07 AM","0xb86f6c4e3217abc2d432e892375b9c60b54474d7","0xad3c895c3678e77884366cd891b0984acd214775","11404.0771"
"0xc09fecc1d4f5a232552c49ff85e987dd46d281af42c8948ceadb75c2b8d6d512","4253788","1504924781","9/9/2017 2:39:41 AM","0x3191495de45d9a89c8444516c264c9eab0b1ad81","0xad3c895c3678e77884366cd891b0984acd214775","46500"
"0xc77392136c95105e65b9de9b19986391fbec1fdff7d1ddb98ab637d32bbab3ef","4253754","1504923897","9/9/2017 2:24:57 AM","0xb4d6a91cdc0b94480ce2d5ba891dc77b22d6917a","0xad3c895c3678e77884366cd891b0984acd214775","180000"
"0x1cbf1ce4551aaafd194b1a3c0d1d6e4fa3ae1d3af7f52be11da25263b74c050c","4253718","1504923045","9/9/2017 2:10:45 AM","0xa4308ade04c3e98d24e609b4ae74ebfa96de4d38","0xad3c895c3678e77884366cd891b0984acd214775","634.191999999999"
"0xc5a34093b10c6f168a63037d34d59780127ea44f1e49757e6cfbc3db89a635ec","4253674","1504922143","9/9/2017 1:55:43 AM","0x3f5ce5fbfe3e9af3971dd833d26ba9b5c936f0be","0xad3c895c3678e77884366cd891b0984acd214775","50000"
"0x0fa504543569634cd9f57c56af6b628298eeefb349c7ffc13e90e3678c7ce798","4253673","1504922136","9/9/2017 1:55:36 AM","0xdc9e04467f5a7e727d8d76a95e636bff87912545","0xad3c895c3678e77884366cd891b0984acd214775","2550.156"
"0x3cbceea94c02f40f62f9671a8d92defeeb7847d1d7f6b15ec16b622009cb1009","4253673","1504922136","9/9/2017 1:55:36 AM","0x2563beb1e15c87cca2fa991d3898747c43f795ea","0xad3c895c3678e77884366cd891b0984acd214775","5999.9"
"0x8505d915a682b9c4c4e54de8187bebb0ca4119b1182c850158b01e951ffe8041","4253656","1504921665","9/9/2017 1:47:45 AM","0xec979dbe7840edc6cd75e91c9ae1d83a40eba1e9","0xad3c895c3678e77884366cd891b0984acd214775","18610.53"
"0x1b4d89c1bd25fb9666053ec0f1713f77c3e9e20d59d235a40e07a7c69626c535","4253587","1504919864","9/9/2017 1:17:44 AM","0x7463fbe7c4f273ed0cf6384611d47a4b613042a7","0xad3c895c3678e77884366cd891b0984acd214775","22040"
"0x73f1c95d177ddbc1ac15d97752417ea85c6ffca3ee0eedad7dc2d2af1a34acd9","4253464","1504917090","9/9/2017 12:31:30 AM","0xeb2f2dc7cb0c9a10fcb6960664c32fb1e99b556e","0xad3c895c3678e77884366cd891b0984acd214775","55974"
"0xb9d56577aa42b2d912a5de4ef76903ed8bde3cde47d1c2fd47c9a8f088662d3a","4253449","1504916721","9/9/2017 12:25:21 AM","0x3f5ce5fbfe3e9af3971dd833d26ba9b5c936f0be","0xad3c895c3678e77884366cd891b0984acd214775","5798.9"
"0x9d52ab198f704e0af657312ce53777e19777c28ef47bdee7850fafee0e3ac2a7","4253364","1504914780","9/8/2017 11:53:00 PM","0x7916d42d64ae1ee01023a3a49a49d3511570bb1e","0xad3c895c3678e77884366cd891b0984acd214775","20000"
"0x9e9edb3b7d6792c1706a07ca261d80f4e00bc5b2b371735f925dd36fc9c65a8b","4252526","1504894673","9/8/2017 6:17:53 PM","0x3f5ce5fbfe3e9af3971dd833d26ba9b5c936f0be","0xad3c895c3678e77884366cd891b0984acd214775","38987"
"0xfa4afb92a1eb6cacb22d25c1d2f6b01f4b4290bf6198fc2ee95d64e60107c7a9","4252520","1504894610","9/8/2017 6:16:50 PM","0x3f5ce5fbfe3e9af3971dd833d26ba9b5c936f0be","0xad3c895c3678e77884366cd891b0984acd214775","3570.995932"
"0xb9a367b12d6e3fd5aaf12597ccc04029a02315ee3d479beeb446493a22df6e08","4252394","1504891611","9/8/2017 5:26:51 PM","0x19fc215c303eb2b94fe44602f75869f828184b12","0xad3c895c3678e77884366cd891b0984acd214775","120002.8171"
"0xe37a6789937eb3855e60aabb4e0a9ebbe3cedb83a59ee7a7afca27ef54c595cd","4252316","1504889591","9/8/2017 4:53:11 PM","0xb72216b71ad3213c05367055ae39b1c62bc565ce","0xad3c895c3678e77884366cd891b0984acd214775","20550"
"0x3b899926056c9998478b242d4402e2d6d5332557c62b68165227b93cc4743aa7","4252314","1504889518","9/8/2017 4:51:58 PM","0x69ea6b31ef305d6b99bb2d4c9d99456fa108b02a","0xad3c895c3678e77884366cd891b0984acd214775","665"
"0x7542c9b82823bf7b56581fa43ac1788962bf968fc63eafc6f3550eb02404f9de","4252280","1504888878","9/8/2017 4:41:18 PM","0x3f5ce5fbfe3e9af3971dd833d26ba9b5c936f0be","0xad3c895c3678e77884366cd891b0984acd214775","22287"
"0x76d894a344eb3dda8fee6192858cef2bcf83550d256ed2d01062e22b6be37a8f","4252226","1504887382","9/8/2017 4:16:22 PM","0xa14a6b8a0ee0d2cbf8942abbe9374ed05dc8c6a6","0xad3c895c3678e77884366cd891b0984acd214775","13386.1111"
"0x4b5bacbe610d92593110f0d9781741302bb3b2072fa95fa6a94a91dc8a202929","4252191","1504886665","9/8/2017 4:04:25 PM","0x4c73c6eb4659b8d38d7ee80143fe64c1b6338f98","0xad3c895c3678e77884366cd891b0984acd214775","100121.66102"
"0x360c4662a3f2f32d803810623138c078f21024e8ca2e9ed8f5e727841bad4c83","4252060","1504883577","9/8/2017 3:12:57 PM","0x4f7c70202b862e1ce8e8f30048ae13f8825332a0","0xad3c895c3678e77884366cd891b0984acd214775","6594.7"
"0x7c648a60c2b765eac659aeceb131e945cae7f55d5e3e7cc416862c95bf2a3197","4251995","1504882232","9/8/2017 2:50:32 PM","0x69ea6b31ef305d6b99bb2d4c9d99456fa108b02a","0xad3c895c3678e77884366cd891b0984acd214775","11198.9"
"0x87df4488fd5de2b43eb9f4983cf35d9601a68d6fd2d3065bf26fa63805f9a97e","4251918","1504880420","9/8/2017 2:20:20 PM","0xdb73878ba893bddc507644ca73aa66b245963e4e","0xad3c895c3678e77884366cd891b0984acd214775","22399.9"
"0xa2204bc871c81daa3ae6075b625ed12c5f59133469357c4c51750a6299be6fce","4251899","1504880038","9/8/2017 2:13:58 PM","0x3f5ce5fbfe3e9af3971dd833d26ba9b5c936f0be","0xad3c895c3678e77884366cd891b0984acd214775","3013"
"0x31c196e2c13fab1b853eeae2da366586906b1dc0abd42e5f2d34aa7365263ec1","4251845","1504878826","9/8/2017 1:53:46 PM","0x69ea6b31ef305d6b99bb2d4c9d99456fa108b02a","0xad3c895c3678e77884366cd891b0984acd214775","27997.9"
"0x64296c4580d324feeae41e6b8b098b4f46653ce208bae21e28c10dd88c737216","4251845","1504878826","9/8/2017 1:53:46 PM","0x69ea6b31ef305d6b99bb2d4c9d99456fa108b02a","0xad3c895c3678e77884366cd891b0984acd214775","50999.6"
"0x8d3c6148bdeb3f3cf89f628fd507fc6e4e1080c2d3b52515e833e11cb16daabf","4251809","1504878122","9/8/2017 1:42:02 PM","0x605a0cef45a428f90de4087c1546008775c55e67","0xad3c895c3678e77884366cd891b0984acd214775","5981.5015"
"0x97ee320b34566fc99c9c499fe069c19791e144d403b779b62cc7607cb260ee2d","4251797","1504877613","9/8/2017 1:33:33 PM","0x558235f4316a2eace29acc57a4c545ce1a725f53","0xad3c895c3678e77884366cd891b0984acd214775","13583.74"
"0x67f921dd4d0f1408abd6b6907dfb2b869128477b73c66f5c2ce2333b895954a0","4251789","1504877402","9/8/2017 1:30:02 PM","0x9c8e46accc65a2c9d25c74034a1fcd29dad31559","0xad3c895c3678e77884366cd891b0984acd214775","5600"
"0x06d4c093377f42488ccc2b6d1079423a318a045acf43490a0940f4db85a57865","4251762","1504876665","9/8/2017 1:17:45 PM","0x7748bb2c9cd71b98f3970c74a062e46a06535c19","0xad3c895c3678e77884366cd891b0984acd214775","28055.9"
"0xd031c71eb5a679b9568ea22f9e85b97d5b88b9878242b6e0f6c70a2912e1f706","4251751","1504876451","9/8/2017 1:14:11 PM","0x558235f4316a2eace29acc57a4c545ce1a725f53","0xad3c895c3678e77884366cd891b0984acd214775","5546"
"0x11e2cb030e1c2aa16d2f9a6112a05a12cf76f7e535cf4e233c78227fd90752c3","4251732","1504876044","9/8/2017 1:07:24 PM","0x444a4d67877f1c43004b31f288152208b92a014a","0xad3c895c3678e77884366cd891b0984acd214775","39361"
"0x50f3ab54d2c4e79fc7ef4513f929f4b5e3ac2ad4fb728496abb3430b1f664fa3","4251725","1504875885","9/8/2017 1:04:45 PM","0x7f60b608f59295c2a6b86bd4400b813031219a30","0xad3c895c3678e77884366cd891b0984acd214775","62580"
"0x4c0c6bcbb1333f28269bf0130f52dd1acce3ed425af69937e9133bdc36054f1f","4251707","1504875477","9/8/2017 12:57:57 PM","0x17de785689444d0e38c161cd9b9b955fb2538043","0xad3c895c3678e77884366cd891b0984acd214775","5599.8999"
"0xf40f8bca9fe7562f82543a95fc16040a3ec703fcee0872702b871abd98d763d1","4251696","1504875243","9/8/2017 12:54:03 PM","0x69ea6b31ef305d6b99bb2d4c9d99456fa108b02a","0xad3c895c3678e77884366cd891b0984acd214775","47508"
"0xb4f6d6c7fc6567d5247a92e7a9a51fe924647ba2c56d91de0cbfa5af00c5fe20","4251684","1504874987","9/8/2017 12:49:47 PM","0x056a79051f7c6195edcecbe3a79c3aff8e2b08dc","0xad3c895c3678e77884366cd891b0984acd214775","5538.4"
"0x31e0592a2cc49d1c112d81e5c9b55c78fa6a4cb6740c4c5563d014fc3116306e","4251672","1504874763","9/8/2017 12:46:03 PM","0x41bcd4f5d96ee2332494332d30025091b6904796","0xad3c895c3678e77884366cd891b0984acd214775","799"
"0x6508fecdeb90203cf38ad1eb243de0eba071fc8badec7954ef738504a9ae563f","4251634","1504873790","9/8/2017 12:29:50 PM","0xc3b74f74c0e76cb9304f1cc528607dd7d642b05c","0xad3c895c3678e77884366cd891b0984acd214775","11408.78"
"0x6e45406b2b2af4f21488000457a31af600bd05fdf0dbff72d93d2159b0624052","4251625","1504873554","9/8/2017 12:25:54 PM","0x01a370bbcbe27d9fb47e47635e33ae964b9faa68","0xad3c895c3678e77884366cd891b0984acd214775","11225.8"
"0xee486fcfe1949721f720161089dd29f4bb82473904472fe6e8732d33b90a3076","4251602","1504873097","9/8/2017 12:18:17 PM","0x69ea6b31ef305d6b99bb2d4c9d99456fa108b02a","0xad3c895c3678e77884366cd891b0984acd214775","11199"
"0xbc53c57af44498df5dc28edd68df02aec27a6f48102a5825185de88eb12ec0f6","4251581","1504872601","9/8/2017 12:10:01 PM","0xf924f400306d83aa0559d6cb140c047235ad98d2","0xad3c895c3678e77884366cd891b0984acd214775","83999.9"
"0x9ac9042d2de76d7df4f8d87307903d1369b81e3401daf5b2c4a3342e1083be6d","4251548","1504871444","9/8/2017 11:50:44 AM","0xbb27332611e3f6372b37ef7d728a6f3a881f9391","0xad3c895c3678e77884366cd891b0984acd214775","11400"
"0xe09f7826a9008c9761176bdb68ae4046016201869ea0ec83d041d9c0a776584b","4251546","1504871395","9/8/2017 11:49:55 AM","0x3f5ce5fbfe3e9af3971dd833d26ba9b5c936f0be","0xad3c895c3678e77884366cd891b0984acd214775","11913.89478"
"0x618e50bf44a0f81afcb051753773a3e327608104a40ed58afe380b079c3679b7","4251539","1504871179","9/8/2017 11:46:19 AM","0xcac40d781eb0e0503a914d45cd386ba257dd6c10","0xad3c895c3678e77884366cd891b0984acd214775","11932.9"
"0xd28b88ffd8ddd06a084327c4e554a72a9e5226e2a1001ddaceb2ded5357f8955","4251510","1504870487","9/8/2017 11:34:47 AM","0xd708d9308601f5cd9cfba6bb49cf7f78a730f899","0xad3c895c3678e77884366cd891b0984acd214775","1370.2589"
"0x18fa6391ff793866a98711f97db4d4347048f7a3bc2a6a3e8411c89b378830b6","4251502","1504870287","9/8/2017 11:31:27 AM","0xe896800cc2bf1cd4c85ab3a31a46c4cc63979bb7","0xad3c895c3678e77884366cd891b0984acd214775","5599.8999"
"0xed59b13b9ae6fa3a5a86991df820d39e78aefc5e3a753f1f54051c8c46733629","4251493","1504870016","9/8/2017 11:26:56 AM","0x1c4b51758116bddfac3b4540b2fa2418ca202487","0xad3c895c3678e77884366cd891b0984acd214775","5700"
"0x37a1a6a5bea0807081024ee98d96b5ec0719c35fcad0618d505911a359f177ac","4251488","1504869896","9/8/2017 11:24:56 AM","0x3fb7f6a3207edb43fb051d7bc681a6a8ed61485c","0xad3c895c3678e77884366cd891b0984acd214775","8903.21"
"0xb71be486856dbfeb5a78ed4f8f256b3494e276dedb1a70d0cb554253c08a596d","4251483","1504869644","9/8/2017 11:20:44 AM","0xc16fd5e7a5b038d5c26faccd82c75309f21c530c","0xad3c895c3678e77884366cd891b0984acd214775","11132.8"
"0xbfbe34cba50f589b3fa6f2755d8152998c9280c07a00a81a45c284b5a88ffe2e","4251477","1504869563","9/8/2017 11:19:23 AM","0x3f5ce5fbfe3e9af3971dd833d26ba9b5c936f0be","0xad3c895c3678e77884366cd891b0984acd214775","11200"
"0x4037b21b5f40911a13be1f5acdea3f0be5b876c5b642b1dcfe6665952173d581","4251462","1504869184","9/8/2017 11:13:04 AM","0x9662c7fbf3626beda7e94a3fe9778dd022485904","0xad3c895c3678e77884366cd891b0984acd214775","113411.1"
"0x7d7af7f3a26acc10bf2bbb4c759dd6e35d6172f7ea646f2ec0245bb6d05ceb0c","4251432","1504868458","9/8/2017 11:00:58 AM","0xf26f39c475e9160cf3d43c45327dd9afdfe0970a","0xad3c895c3678e77884366cd891b0984acd214775","56000"
"0x6121bc87f1ef3f12705a6a8cf13fb55072220626f3c29d937baa4516bdc41fa0","4251412","1504867971","9/8/2017 10:52:51 AM","0x4f2d13c3d4ab9d315d503bace1ddeb4f6448f256","0xad3c895c3678e77884366cd891b0984acd214775","3598"
"0xde26b2b79d00076e097b512c2cadda3bd76792cae98fcf51a3017ffeaad68b93","4251397","1504867569","9/8/2017 10:46:09 AM","0x3f5ce5fbfe3e9af3971dd833d26ba9b5c936f0be","0xad3c895c3678e77884366cd891b0984acd214775","55996.7999"
"0x3c6f5fb0ed081b07afad7747d9f1443cc2912cb2a1bf5faf7e25169cdabe3157","4251332","1504865988","9/8/2017 10:19:48 AM","0x3f5ce5fbfe3e9af3971dd833d26ba9b5c936f0be","0xad3c895c3678e77884366cd891b0984acd214775","13726.5"
"0xa0d8ab96f8df60c82698f5de0d40be6db7a98a0eafdb1dc801edef9b7f4715f2","4251315","1504865638","9/8/2017 10:13:58 AM","0x53b2110e229faf2f48ebd0afd4555f28f4f70358","0xad3c895c3678e77884366cd891b0984acd214775","5200"
"0x0257222516dd55a5983fd4fc368ee901cd90faccf73c1a41cd1f8099267dfd2f","4251244","1504863828","9/8/2017 9:43:48 AM","0x18967e28198944b20e918e3db18a19c06caf02df","0xad3c895c3678e77884366cd891b0984acd214775","23932.0623"
"0xf178d043f8e0cbc1e830eaed1192dd1f64452643966a69e009d8954ad1bd0f3a","4251240","1504863771","9/8/2017 9:42:51 AM","0xc142bc26aceca6a382c9fa126be3642cdd53723b","0xad3c895c3678e77884366cd891b0984acd214775","2575"
"0x97487e28779198a0ec97c4c622ade98df0c0682ab465cd91b7e01e8e7384f0f2","4251227","1504863453","9/8/2017 9:37:33 AM","0x3f5ce5fbfe3e9af3971dd833d26ba9b5c936f0be","0xad3c895c3678e77884366cd891b0984acd214775","8078.8"
"0x01a5d4d2ccdca8e31360f952d7811dc8187822b980c427c5d61f50e76d6ac450","4251195","1504862721","9/8/2017 9:25:21 AM","0x69ea6b31ef305d6b99bb2d4c9d99456fa108b02a","0xad3c895c3678e77884366cd891b0984acd214775","99999"
"0x5e9ad05b4c8cbbc57f60ea40e848140e61e2362d84970a6885a3e4227dd2da31","4251181","1504862272","9/8/2017 9:17:52 AM","0x9dabb889bd8aa062c9b5ce7a739c8830f3c5b512","0xad3c895c3678e77884366cd891b0984acd214775","5697.8"
"0xbee7fd5c53928d41a76ef4d370c229957d7147f97575223caf793dc8f7b826a8","4251149","1504861465","9/8/2017 9:04:25 AM","0xd37e7aed5541dc3b3106a42fdceaabda826488d5","0xad3c895c3678e77884366cd891b0984acd214775","55430"
"0xc057e5806bf502cb21043f8dd427ec527071e8a6146a6149ded987cd7dd9cbf7","4251146","1504861317","9/8/2017 9:01:57 AM","0x928feede98805221587e6c0e29ecbe3e6c45c4f3","0xad3c895c3678e77884366cd891b0984acd214775","27997.9"
"0x9bc7815cecc2e69976f29a780be5a60261599f9bc7559112883f7c450f2e92b8","4251122","1504860823","9/8/2017 8:53:43 AM","0x3f5ce5fbfe3e9af3971dd833d26ba9b5c936f0be","0xad3c895c3678e77884366cd891b0984acd214775","5598.2699"
"0xda673e36024d4a92dc793489f20f5b7d9b7790e3e7df676826673917b918964e","4251090","1504859951","9/8/2017 8:39:11 AM","0x69ea6b31ef305d6b99bb2d4c9d99456fa108b02a","0xad3c895c3678e77884366cd891b0984acd214775","11198"
"0x5f379dcc71a849b3744bbcde525fd0db2ba054f79f866f38e021d3bf131371e1","4251064","1504859366","9/8/2017 8:29:26 AM","0x3f5ce5fbfe3e9af3971dd833d26ba9b5c936f0be","0xad3c895c3678e77884366cd891b0984acd214775","29958"
"0x9455216a951afb76af033ad0ee2e350ace0fd1b10ca62f75ef3629f3c259baa3","4251036","1504858635","9/8/2017 8:17:15 AM","0x87f982d532ed97d0b86eeec2951f4e87fbad5bfd","0xad3c895c3678e77884366cd891b0984acd214775","5600"
"0xb8aaf211bc70a109d8f78a7969a9512ceea02c28af76aa39b6349f9c57b95dd0","4250997","1504857790","9/8/2017 8:03:10 AM","0x8d0b80010ce15a34fc001a03e123b7f382a13e5c","0xad3c895c3678e77884366cd891b0984acd214775","22399.8"
"0x1549ddd27e13364a6bee62e96a580d15b846a41f4d98f6571a4e3937425b58b5","4250996","1504857771","9/8/2017 8:02:51 AM","0x836ba303b42b215bb0c4b0ca8dfcc90d4ee34b9a","0xad3c895c3678e77884366cd891b0984acd214775","2172.9759"
"0xaab0f06b387c5c334fe8d972b3822c290b9e84c06c289dcdb9df936ddfb5802a","4250959","1504856766","9/8/2017 7:46:06 AM","0x69ea6b31ef305d6b99bb2d4c9d99456fa108b02a","0xad3c895c3678e77884366cd891b0984acd214775","24009"
"0x60de479c56c0819ebe07667e7d2c8a07d0d430956f01a2fc3186bea79ba623f8","4250959","1504856766","9/8/2017 7:46:06 AM","0x69ea6b31ef305d6b99bb2d4c9d99456fa108b02a","0xad3c895c3678e77884366cd891b0984acd214775","11498.9"
"0x2dfe196f698721e55deb97d7c741396dff0754fdeee4f30b58c581373144c157","4250959","1504856766","9/8/2017 7:46:06 AM","0x69ea6b31ef305d6b99bb2d4c9d99456fa108b02a","0xad3c895c3678e77884366cd891b0984acd214775","22398.9"
"0x17f67edae07f996c60e3ec611501473389ce9878c535476627e5cfb26f491cb5","4250959","1504856766","9/8/2017 7:46:06 AM","0x69ea6b31ef305d6b99bb2d4c9d99456fa108b02a","0xad3c895c3678e77884366cd891b0984acd214775","1995"
"0xb9897e89b7c349e89000d0e08587289f73f515cf5b154208e46ec79e0485418d","4250955","1504856643","9/8/2017 7:44:03 AM","0x69ea6b31ef305d6b99bb2d4c9d99456fa108b02a","0xad3c895c3678e77884366cd891b0984acd214775","29988.079"
"0x632cc73dc21e53351dd063c54f28edcae93884d3cf1935255080880e58ef21de","4250955","1504856643","9/8/2017 7:44:03 AM","0x69ea6b31ef305d6b99bb2d4c9d99456fa108b02a","0xad3c895c3678e77884366cd891b0984acd214775","49738"
"0x296d4b1329cd011fdad3c3547d05f9e7bc416b1e271819ff0bea390c987d7493","4250943","1504856346","9/8/2017 7:39:06 AM","0x2838e1556994de6ca3edf22327c3760f9498bb18","0xad3c895c3678e77884366cd891b0984acd214775","28913.3824"
"0x735864f752660d7063b3f0c0d0550770837b580413eaa5da0a895aa990ba4538","4250897","1504855376","9/8/2017 7:22:56 AM","0xa363216f03889265700aa4310ec46d525a159b13","0xad3c895c3678e77884366cd891b0984acd214775","6678.6"
"0xe5fdca2d85325ca0dada5a3d3a6b351c07ef10f59ef4912ca6eb120b03237156","4250893","1504855305","9/8/2017 7:21:45 AM","0x794ed17cc50a19d50fd6713e1486b3ae6016f4a3","0xad3c895c3678e77884366cd891b0984acd214775","5000"
"0xd0090b8e8cf4860296de15e8efe009302d8fcf3ee70e2b463ec862f33cd5ed3a","4250865","1504854593","9/8/2017 7:09:53 AM","0x538cc6e32c48673d10330a138b8454ff23ba6d1f","0xad3c895c3678e77884366cd891b0984acd214775","22700"
"0xf5db4d54bf5509b4378f6b8d3f7e76aac39cf707d4cebb0654343b0896e8b1a8","4250855","1504854322","9/8/2017 7:05:22 AM","0x16b353838e3a5bf8a585f3f8e528e5976801b5f0","0xad3c895c3678e77884366cd891b0984acd214775","13416.4"
"0xd28a0f132a5c7baeffbb985b7709edb05e64e955b6b90adc436b54b7d51297d6","4250842","1504854132","9/8/2017 7:02:12 AM","0xf8be4c4a4ac4c671a1be9a84b8403118973e1a93","0xad3c895c3678e77884366cd891b0984acd214775","13376.72"
"0xae90a0d841f21a4204f3b6c34e5686d5def9137b7496a5a8c1b395debe837a6f","4250829","1504853716","9/8/2017 6:55:16 AM","0x3f5ce5fbfe3e9af3971dd833d26ba9b5c936f0be","0xad3c895c3678e77884366cd891b0984acd214775","5598"
"0xe499ee1d5dff5dc3baea4b341d1f690f3b7953a628e57f9a3301728fe9f901e1","4250825","1504853548","9/8/2017 6:52:28 AM","0x3f5ce5fbfe3e9af3971dd833d26ba9b5c936f0be","0xad3c895c3678e77884366cd891b0984acd214775","11188.01"
"0x4b0b6365600bfa4225c7d520670d7dec824d7532757a314c00552ca4d04bd6be","4250822","1504853519","9/8/2017 6:51:59 AM","0x69ea6b31ef305d6b99bb2d4c9d99456fa108b02a","0xad3c895c3678e77884366cd891b0984acd214775","11710"
"0xc173055b0db3767bbffece064a6b977ce768ad0756bcc0e1038adf1875f343ea","4250772","1504852412","9/8/2017 6:33:32 AM","0x5c51ed6e6311012374ff95fffbf3333a9d4a8049","0xad3c895c3678e77884366cd891b0984acd214775","108696"
"0x257cfd7468d638afc2d9db322f27dec9bf7e51382f1c2c86f936ec0f614d08fd","4250759","1504852145","9/8/2017 6:29:05 AM","0x3111a8f7713914aad90f44805e97c5b7e1a64097","0xad3c895c3678e77884366cd891b0984acd214775","1989.395"
"0x418e0e55c983839adbb85cb760473f91d19f382311ba1951faabb7c80c42818a","4250757","1504852087","9/8/2017 6:28:07 AM","0xe81719c786e92f57a3cb9276f236f39960dd86f8","0xad3c895c3678e77884366cd891b0984acd214775","36306"
"0x278082edecb768d05202ae4a1577c84ee2cef6f9e0b466f1163d746c9452e7b1","4250755","1504852068","9/8/2017 6:27:48 AM","0x65dca2ba9c48b704e5c326d46ff779db580b96c7","0xad3c895c3678e77884366cd891b0984acd214775","5798.9"
"0x54da0c59919080bf609da1a89d567e7f2022deb4471cbf282054a0f4a7e809e7","4250709","1504850968","9/8/2017 6:09:28 AM","0x69ea6b31ef305d6b99bb2d4c9d99456fa108b02a","0xad3c895c3678e77884366cd891b0984acd214775","5597"
"0x025d7ef1f9eb853f52b3b514489981bfc30f3ea2b91a108d74cde227a5eee506","4250659","1504850151","9/8/2017 5:55:51 AM","0x1cceb630470124b771559950d133c275f3e7f11f","0xad3c895c3678e77884366cd891b0984acd214775","19208.3788"
"0xb5fd485a84ecdbdb57cf024bfa8a988b7b9fbedc78d051d2a915b2467c06187f","4250653","1504849985","9/8/2017 5:53:05 AM","0x3f5ce5fbfe3e9af3971dd833d26ba9b5c936f0be","0xad3c895c3678e77884366cd891b0984acd214775","6404.376"
"0x6c4d95439685b84548dc5f72a5e01003f5f21cc18e68e631ef330d65d1e9cebd","4250646","1504849819","9/8/2017 5:50:19 AM","0xe360559912a786aab3c1b3edd8d696c4a389f464","0xad3c895c3678e77884366cd891b0984acd214775","28500"
"0x6c249df054542e08f868aa0c9d0f86ca9dd2f34067b6756b7d13477b20c14961","4250617","1504849128","9/8/2017 5:38:48 AM","0x79729196cd8376ea7f657b4ba86747e588c202ae","0xad3c895c3678e77884366cd891b0984acd214775","28000"
"0x8f4362241c131c592942f883d1abe08cf58b44e6ebae69d0a06e347ffd2abe5e","4250612","1504849014","9/8/2017 5:36:54 AM","0x69ea6b31ef305d6b99bb2d4c9d99456fa108b02a","0xad3c895c3678e77884366cd891b0984acd214775","27998.8"
"0x84579501c0f1e517da9f8ab59122ee7cba21dfc81b07d356b2d493c70802e2b0","4250541","1504847478","9/8/2017 5:11:18 AM","0xacea67aa611c28df4536890eae44650c588361ed","0xad3c895c3678e77884366cd891b0984acd214775","14584.2143"
"0xbdb19b1c87003f1f2bb8359e08be735e3aaa210ac572b8bc0925ab8d13e6df1b","4250504","1504846462","9/8/2017 4:54:22 AM","0x3f5ce5fbfe3e9af3971dd833d26ba9b5c936f0be","0xad3c895c3678e77884366cd891b0984acd214775","11398"
"0xa990cb6da29dccabd01f70ab37eb84e34003d21e51f3dc3a04d96d41dfb3de1e","4250488","1504845854","9/8/2017 4:44:14 AM","0x41bcd4f5d96ee2332494332d30025091b6904796","0xad3c895c3678e77884366cd891b0984acd214775","33000"
"0x763f5f4b852cc58d88f23df1e1b01f911935d0f9aa4191993415d950a3eb152b","4250461","1504845362","9/8/2017 4:36:02 AM","0x69ea6b31ef305d6b99bb2d4c9d99456fa108b02a","0xad3c895c3678e77884366cd891b0984acd214775","5537.4"
"0xc6ba3d2d427c5093c528e05989595f1d803d08a8acb265f1f28fd8f0b44a3c36","4250416","1504843959","9/8/2017 4:12:39 AM","0x5abec6e0bc5ad98fa953c82171a28f39e927b21a","0xad3c895c3678e77884366cd891b0984acd214775","4198.9"
"0x52e6f84827e1b6deeaa468f55d316c2e53770f7aeb5196a63cd79f9be61b910d","4250391","1504843258","9/8/2017 4:00:58 AM","0x558235f4316a2eace29acc57a4c545ce1a725f53","0xad3c895c3678e77884366cd891b0984acd214775","5549.8"
"0x077fdb61f687ab430fdde63fe01ce5df9e6169ceb9e3bb8112c51a0665607955","4250349","1504842448","9/8/2017 3:47:28 AM","0xd100af110d1a9d4968ba5c765aa37cc95a2c6ada","0xad3c895c3678e77884366cd891b0984acd214775","13440"
"0xa62f11bcf4aeefa23d26457f6d061fed88d95b2ee240d31d0b62f2b36c4e052d","4250313","1504841794","9/8/2017 3:36:34 AM","0xa5fdeebe0acd7c49d493f2de1befbc602d9607df","0xad3c895c3678e77884366cd891b0984acd214775","285000"
"0xaad9f9207eebb823a15e3a0ba6cfa00871b5eb0f868d7b26ac6b83c9ab060460","4250292","1504841210","9/8/2017 3:26:50 AM","0x4f0a288f1042d22d1ad48452c2f4b75bf4f88975","0xad3c895c3678e77884366cd891b0984acd214775","2898.9"
"0x9da2420edcd4455a73be019cc5c985812c15d239a7069064e8d8011200e93a83","4250284","1504840994","9/8/2017 3:23:14 AM","0xf5ed94a2aaf288b2afcb57b70171c87e5ba19c7c","0xad3c895c3678e77884366cd891b0984acd214775","68400"
"0xfd9ea3466c2bc78717c12bde5668cfc83ed0caf4efe650d460cbe4564251f9a5","4250278","1504840858","9/8/2017 3:20:58 AM","0xac28a30bffec7608945614dd3d3e96e51c7df19e","0xad3c895c3678e77884366cd891b0984acd214775","5598.8"
"0x68ba741626926bed823bc54a8b21dec4636c0147ee621bc696a4be0a0988ea23","4250255","1504840367","9/8/2017 3:12:47 AM","0x08344c0e06757b2edfcbffce39259afe94bcbc0e","0xad3c895c3678e77884366cd891b0984acd214775","5580.45"
"0xf2965a37524b78bf4210ce9df703583b8b4d693b64b7db14baf7e9c1cad88a26","4250201","1504839007","9/8/2017 2:50:07 AM","0x69ea6b31ef305d6b99bb2d4c9d99456fa108b02a","0xad3c895c3678e77884366cd891b0984acd214775","71938"
"0x856ea84c137384e1e6cf0225b772f8349ad4254ce1c3f7df1e776778a10dbc67","4250198","1504838804","9/8/2017 2:46:44 AM","0x8bf16b89134aa473f980a8b3a6e149b762e04801","0xad3c895c3678e77884366cd891b0984acd214775","18480"
"0xa6e48d1079c045b3b2785eb526442c9525818c28ecb3b27ebf69184d0c1ec45d","4250191","1504838630","9/8/2017 2:43:50 AM","0x69ea6b31ef305d6b99bb2d4c9d99456fa108b02a","0xad3c895c3678e77884366cd891b0984acd214775","25983"
"0x7d82adabb734754bcaf6a385796f1185f4ba73d767453e7b4d0e655d3277d53e","4250181","1504838404","9/8/2017 2:40:04 AM","0x3f5ce5fbfe3e9af3971dd833d26ba9b5c936f0be","0xad3c895c3678e77884366cd891b0984acd214775","23955.7"
"0x4ab43023e40b25ce3a6b071744e03a86c25f602f693e1b4b1ec11ef1e6bf658f","4250164","1504837987","9/8/2017 2:33:07 AM","0x06409a2391bec29874ac197be85e14843f4536ea","0xad3c895c3678e77884366cd891b0984acd214775","20006.0999"
"0x7a4e21e3a100d3ffbf5510cf27eb6f1c9d2308998683b6216c25b3d52ce1cfa9","4250025","1504834804","9/8/2017 1:40:04 AM","0x2b750de51952030bb5de371e048001c3b6a0efbd","0xad3c895c3678e77884366cd891b0984acd214775","279999.9"
"0x0e868e2ae3b24e3c99905d05e2af33306da280584306eca257bcd7c34d4e47c2","4250021","1504834727","9/8/2017 1:38:47 AM","0x2c5c59454e1f3bcfe1cc35b7381c72d450c36122","0xad3c895c3678e77884366cd891b0984acd214775","58930.2"
"0x8e0d34b3ba748e9ce3f58e76e93ddb42b42d6c18e4cd7c4091e512b2d3dd7afa","4249978","1504833865","9/8/2017 1:24:25 AM","0x127ef5a1a8eb8f3d7ba843ef7122327495c4b0c8","0xad3c895c3678e77884366cd891b0984acd214775","219781"
"0x9313c1c8c7e2831cb24f1a4a62d9dac2d1bbe994ddbd4fcc63141fca908c165f","4249581","1504824199","9/7/2017 10:43:19 PM","0x517b5da6fa460bbb4acb77e5d5eb024a9e0692df","0xad3c895c3678e77884366cd891b0984acd214775","11299.4"
"0x9b9131f14d8d322372801a73183c8f135e5bb58af61879dc39b7cc85ff3a26a4","4249344","1504818560","9/7/2017 9:09:20 PM","0x75c0e40d6d03a6ca1b072ceb1801c75b88c53e98","0xad3c895c3678e77884366cd891b0984acd214775","7626.08"
"0x51d8b5c83aa05b6d31da9cf9161435f05c9ef2ea0974fdb031b8a3bd470dcae3","4249325","1504817976","9/7/2017 8:59:36 PM","0x69ea6b31ef305d6b99bb2d4c9d99456fa108b02a","0xad3c895c3678e77884366cd891b0984acd214775","5598.9"
"0x7eccdb3c516b8a18b5e5506d14474b98935aaffd5235ba20b98bd8458a299823","4249325","1504817976","9/7/2017 8:59:36 PM","0x69ea6b31ef305d6b99bb2d4c9d99456fa108b02a","0xad3c895c3678e77884366cd891b0984acd214775","5531.7"
"0xbfc783520dedbc9342d8d86b0a1edb7e470c0ac414d49b9e68f75d47d8f0594c","4248914","1504808612","9/7/2017 6:23:32 PM","0x3f5ce5fbfe3e9af3971dd833d26ba9b5c936f0be","0xad3c895c3678e77884366cd891b0984acd214775","5699.108"
"0x58af3b88c73e6729a8205b36efe2b12a082ea39d4febd425d3597735611c8faa","4248866","1504807419","9/7/2017 6:03:39 PM","0x3f5ce5fbfe3e9af3971dd833d26ba9b5c936f0be","0xad3c895c3678e77884366cd891b0984acd214775","56446.9"
"0xe90b5142aecf747b1310b55d51e4cfd0292b45010fa42e5292ad10dd7909e046","4248621","1504801579","9/7/2017 4:26:19 PM","0xfb303126a977e5d65ad955493b5be411a272c3c4","0xad3c895c3678e77884366cd891b0984acd214775","27942.888"
"0x0a25957615d101e035af8bf0f4af0e8930e90a1b7e6adfa993f2541787f09a02","4248555","1504799807","9/7/2017 3:56:47 PM","0xd903ce1fd641b2137fc2f0ef2955ca8157ed0618","0xad3c895c3678e77884366cd891b0984acd214775","7726.0999"
"0x7a14b45899a83779a6d62611e61591a9feeeaca9ed57f450752033bf2a99b3ff","4248518","1504798822","9/7/2017 3:40:22 PM","0x3f5ce5fbfe3e9af3971dd833d26ba9b5c936f0be","0xad3c895c3678e77884366cd891b0984acd214775","38998"
"0x906a2e9dcd3da88dcff145692e9524b306e158646bb1d7749b98bd7c157a90e1","4248510","1504798676","9/7/2017 3:37:56 PM","0x2117a8bc71d2160539681a7267c508bb916b1846","0xad3c895c3678e77884366cd891b0984acd214775","27075"
"0x3fe04921a8fe7aaccdf10c93012219016f4bdc2699ccf577298f87fac884f1ed","4248467","1504797510","9/7/2017 3:18:30 PM","0xfa796dca8e7be243577f13b95b7e5b8bebca531f","0xad3c895c3678e77884366cd891b0984acd214775","8399.9"
"0x1d63f8abd653da0cf58fbedc165d13a7841885f5155d9fcba58f60e541c8bf9a","4248441","1504796920","9/7/2017 3:08:40 PM","0x69ea6b31ef305d6b99bb2d4c9d99456fa108b02a","0xad3c895c3678e77884366cd891b0984acd214775","27998.9"
"0x9fa9e39f4b9cd0e077c474b35a4cf21ad6adc78e1a922ca6c2f21d3246f55689","4248441","1504796920","9/7/2017 3:08:40 PM","0x69ea6b31ef305d6b99bb2d4c9d99456fa108b02a","0xad3c895c3678e77884366cd891b0984acd214775","30066.42"
"0x50fc49d3eeb916f1276f71731e1b0538a5319d33a8f8024bb28cdbd094cd9cfc","4248434","1504796714","9/7/2017 3:05:14 PM","0xca9216488c563a8b67adc75283acc90c0c7f50d3","0xad3c895c3678e77884366cd891b0984acd214775","11838"
"0x7f9c27fe685590b6b925bd93d972670c9152ab7b4d7b869343c4909f9e26c45c","4248429","1504796614","9/7/2017 3:03:34 PM","0xc8e9ea30ea610597b2aa8df1762792e6f777bb41","0xad3c895c3678e77884366cd891b0984acd214775","28054.9"
